pet_id,name,species,breed,age
1,Brittany,Cat,Siamese,6
2,David,Dog,Bulldog,5
3,Wendy,Cat,Siamese,4
4,Charlene,Dog,Bulldog,6
5,Jermaine,Dog,Beagle,3
6,Jeffrey,Dog,Chihuahua,7
7,Jessica,Cat,Tabby,1
8,Sandra,Dog,Golden Retriever,3
9,Karen,Cat,British Shorthair,3
10,Jacob,Dog,Border Collie,4
11,Jeffrey,Cat,British Shorthair,9
12,Brianna,Dog,German Shepherd,6
13,Brianna,Cat,Bengal,4
14,Linda,Cat,Siamese,2
15,Cody,Dog,Bulldog,8
16,Steven,Dog,Boxer,9
17,Pedro,Dog,Shih Tzu,5
18,Jason,Cat,British Shorthair,8
19,Amy,Cat,Siamese,8
20,Eric,Dog,German Shepherd,4
21,Lori,Dog,Rottweiler,2
22,Jill,Cat,British Shorthair,7
23,Richard,Cat,Siamese,5
24,Theodore,Dog,Poodle,6
25,Isaiah,Dog,German Shepherd,3
26,Paul,Dog,Cocker Spaniel,1
27,Richard,Dog,Husky,5
28,Stephen,Dog,Cocker Spaniel,8
29,Donna,Dog,Poodle,10
30,Mark,Dog,Rottweiler,5
31,Stephanie,Dog,German Shepherd,10
32,Michaela,Cat,Persian,10
33,Dorothy,Dog,Rottweiler,4
34,Michelle,Cat,British Shorthair,5
35,Barry,Dog,Golden Retriever,2
36,Christopher,Cat,Tabby,5
37,Steven,Cat,British Shorthair,7
38,Nancy,Dog,Golden Retriever,7
39,Colton,Dog,Chihuahua,6
40,Jocelyn,Dog,Border Collie,1
41,Abigail,Dog,Shih Tzu,6
42,Shirley,Cat,Persian,4
43,Jill,Dog,Poodle,1
44,Angela,Cat,Tabby,10
45,Dakota,Cat,Maine Coon,5
46,Nathan,Dog,Poodle,2
47,Kimberly,Dog,Chihuahua,7
48,Timothy,Dog,Chihuahua,10
49,Jeremy,Cat,Maine Coon,6
50,Grant,Dog,Boxer,1
51,Holly,Dog,Chihuahua,8
52,James,Cat,Bengal,7
53,William,Dog,Beagle,1
54,Karen,Dog,Shih Tzu,2
55,Leslie,Dog,Poodle,3
56,Carl,Dog,Border Collie,4
57,Samuel,Dog,Shih Tzu,6
58,Andrew,Dog,Bulldog,2
59,Matthew,Dog,Bulldog,1
60,Timothy,Dog,Bulldog,4
61,Gregory,Dog,Cocker Spaniel,7
62,Derek,Dog,Labrador,7
63,Kathryn,Dog,Dachshund,2
64,Katherine,Cat,Persian,1
65,Samantha,Cat,Bengal,10
66,David,Cat,British Shorthair,6
67,Sara,Cat,Siamese,3
68,Erika,Dog,Bulldog,10
69,Tammie,Dog,Shih Tzu,6
70,Robert,Cat,Siamese,2
71,Connor,Cat,Bengal,5
72,Craig,Dog,Boxer,1
73,Larry,Cat,Persian,8
74,Juan,Cat,Bengal,1
75,Yolanda,Cat,Persian,6
76,Marcus,Cat,British Shorthair,2
77,Teresa,Cat,Bengal,3
78,Danielle,Cat,Siamese,2
79,Joshua,Dog,Chihuahua,2
80,Adam,Dog,Poodle,6
81,Steve,Cat,Bengal,1
82,Robert,Cat,British Shorthair,1
83,Natalie,Cat,Maine Coon,5
84,Danielle,Cat,Maine Coon,4
85,Christina,Cat,British Shorthair,1
86,Erica,Dog,Dachshund,2
87,John,Dog,Dachshund,2
88,Chad,Dog,Chihuahua,1
89,Matthew,Dog,Shih Tzu,5
90,Wendy,Dog,Cocker Spaniel,1
91,Daniel,Dog,Beagle,6
92,Amanda,Dog,Boxer,9
93,Carol,Cat,Siamese,4
94,Teresa,Cat,British Shorthair,3
95,Anthony,Dog,Husky,7
96,Brandon,Cat,Tabby,2
97,Jamie,Dog,Golden Retriever,7
98,Jon,Cat,Bengal,4
99,Chase,Dog,Poodle,2
100,Robert,Cat,Maine Coon,2
101,Christina,Dog,Husky,4
102,Paul,Dog,Shih Tzu,1
103,Mark,Dog,Poodle,5
104,Scott,Dog,Poodle,2
105,Jeffrey,Cat,Maine Coon,9
106,Rebecca,Dog,Bulldog,2
107,Kelly,Dog,Chihuahua,8
108,Julie,Cat,Persian,2
109,Matthew,Dog,Rottweiler,7
110,Robert,Dog,Boxer,1
111,Gene,Cat,Persian,8
112,Rachel,Cat,British Shorthair,5
113,Hailey,Cat,Maine Coon,9
114,Anthony,Dog,Husky,7
115,Joshua,Cat,Tabby,9
116,Chad,Cat,British Shorthair,3
117,Joshua,Cat,Siamese,7
118,Brad,Cat,Persian,7
119,Rachel,Cat,Siamese,4
120,Kimberly,Dog,Bulldog,3
121,Kayla,Dog,Beagle,6
122,Sandra,Cat,Siamese,2
123,George,Dog,Chihuahua,6
124,Billy,Cat,Persian,8
125,Cynthia,Cat,Maine Coon,10
126,Martha,Cat,Maine Coon,10
127,Pamela,Dog,Rottweiler,9
128,Allison,Dog,Boxer,9
129,Jared,Cat,Persian,2
130,Randy,Cat,Tabby,10
131,David,Dog,Labrador,7
132,Carlos,Dog,Husky,9
133,Martha,Dog,Border Collie,6
134,Kimberly,Cat,Persian,3
135,Charles,Cat,Siamese,5
136,Shannon,Cat,Persian,3
137,Tina,Dog,Bulldog,6
138,Robert,Cat,Persian,7
139,Deanna,Dog,Rottweiler,3
140,Kim,Cat,Persian,6
141,James,Cat,British Shorthair,1
142,Michael,Cat,Bengal,7
143,Christine,Cat,Maine Coon,7
144,Joseph,Dog,Dachshund,3
145,James,Cat,British Shorthair,3
146,Brittany,Cat,Tabby,1
147,Nicholas,Cat,British Shorthair,3
148,Leslie,Dog,Boxer,4
149,Jonathan,Cat,Maine Coon,6
150,Matthew,Dog,Cocker Spaniel,1
151,Natalie,Dog,Husky,7
152,Thomas,Dog,Dachshund,10
153,Christy,Dog,Boxer,3
154,Diana,Cat,Tabby,3
155,David,Cat,Siamese,8
156,Stacey,Cat,British Shorthair,5
157,Scott,Dog,Bulldog,9
158,Nancy,Dog,Boxer,1
159,Nancy,Cat,Tabby,10
160,Robert,Dog,Husky,7
161,Mark,Dog,Poodle,6
162,Thomas,Dog,Dachshund,10
163,Carolyn,Cat,Persian,2
164,Timothy,Dog,Cocker Spaniel,7
165,Michael,Cat,Bengal,7
166,Dustin,Cat,Siamese,10
167,Angela,Cat,Siamese,7
168,Alicia,Cat,Tabby,3
169,Mallory,Dog,Labrador,6
170,Teresa,Cat,Siamese,1
171,Stephanie,Cat,Persian,4
172,Daniel,Cat,Tabby,4
173,Austin,Dog,Bulldog,2
174,Joanna,Dog,Poodle,9
175,Maria,Dog,Golden Retriever,9
176,Shannon,Dog,Dachshund,8
177,Anthony,Dog,Bulldog,7
178,Matthew,Dog,Shih Tzu,2
179,Sandra,Dog,Border Collie,10
180,Nancy,Dog,German Shepherd,4
181,Diana,Cat,Tabby,8
182,Andrea,Cat,Bengal,2
183,Ryan,Dog,Husky,6
184,Larry,Dog,Dachshund,1
185,Carl,Dog,Labrador,6
186,Katrina,Dog,Beagle,8
187,Alicia,Cat,British Shorthair,7
188,Matthew,Dog,Chihuahua,5
189,Erica,Dog,Bulldog,8
190,Brian,Dog,Boxer,8
191,Dylan,Cat,Bengal,8
192,Christian,Cat,Bengal,8
193,Tiffany,Cat,Tabby,6
194,Stephanie,Dog,Shih Tzu,5
195,Jacob,Dog,Dachshund,5
196,Lori,Dog,Boxer,2
197,Arthur,Cat,Siamese,10
198,Holly,Dog,Boxer,3
199,Kathryn,Cat,British Shorthair,3
200,Christian,Dog,Border Collie,2
201,James,Cat,Bengal,2
202,Andrew,Cat,Tabby,1
203,Briana,Cat,Siamese,8
204,Angela,Dog,Golden Retriever,3
205,Kathryn,Cat,Tabby,8
206,Monica,Cat,Siamese,10
207,Joshua,Dog,Cocker Spaniel,10
208,Fernando,Cat,British Shorthair,5
209,Andrea,Dog,Golden Retriever,2
210,Robin,Cat,Siamese,3
211,Stephanie,Cat,Maine Coon,6
212,Michelle,Dog,Boxer,7
213,Richard,Dog,Labrador,3
214,Christopher,Cat,Tabby,9
215,Richard,Cat,Maine Coon,9
216,Daniel,Dog,Cocker Spaniel,8
217,Brian,Dog,German Shepherd,6
218,Christopher,Dog,Chihuahua,3
219,Elizabeth,Dog,Border Collie,4
220,Kevin,Dog,Beagle,6
221,John,Cat,Persian,3
222,Nicholas,Dog,Boxer,8
223,Cathy,Cat,Maine Coon,8
224,Joseph,Cat,Persian,10
225,Sonia,Dog,Poodle,10
226,Miguel,Dog,Poodle,3
227,Michael,Cat,British Shorthair,3
228,Steve,Dog,Chihuahua,10
229,Keith,Cat,Tabby,2
230,Amanda,Cat,Maine Coon,10
231,Joshua,Dog,German Shepherd,3
232,Suzanne,Cat,Tabby,4
233,Ryan,Cat,Persian,3
234,Heather,Dog,Husky,2
235,Michael,Dog,German Shepherd,1
236,Lori,Dog,Chihuahua,9
237,Ricky,Dog,Cocker Spaniel,3
238,Dylan,Dog,Husky,4
239,Daniel,Dog,Beagle,4
240,Jessica,Cat,Maine Coon,10
241,Jonathan,Dog,Boxer,4
242,Drew,Dog,Golden Retriever,1
243,Scott,Dog,Beagle,4
244,Amanda,Dog,Border Collie,6
245,Samuel,Dog,German Shepherd,3
246,Jeremy,Cat,British Shorthair,8
247,Christina,Cat,Siamese,3
248,Felicia,Dog,Bulldog,5
249,Judith,Cat,Maine Coon,10
250,Justin,Dog,Dachshund,2
251,Samantha,Cat,Tabby,5
252,Veronica,Dog,Beagle,4
253,Martin,Dog,Chihuahua,9
254,Lisa,Cat,Persian,6
255,Mark,Cat,Tabby,4
256,Ricky,Dog,Boxer,3
257,Harry,Cat,Bengal,9
258,Alex,Cat,Persian,8
259,Brian,Dog,Boxer,5
260,Charles,Dog,Chihuahua,4
261,Jennifer,Dog,Husky,5
262,Teresa,Dog,Husky,7
263,Robert,Cat,British Shorthair,2
264,Karina,Cat,Bengal,3
265,Sonya,Cat,British Shorthair,1
266,Eduardo,Cat,Bengal,8
267,Michael,Dog,Boxer,7
268,Michael,Dog,Golden Retriever,3
269,Jesse,Cat,Persian,6
270,Crystal,Dog,Rottweiler,1
271,Veronica,Cat,Bengal,7
272,Daniel,Cat,British Shorthair,7
273,Matthew,Dog,Border Collie,1
274,Diane,Dog,Rottweiler,2
275,Jennifer,Cat,Siamese,2
276,Cynthia,Cat,Tabby,3
277,Vernon,Dog,Beagle,8
278,Jeffrey,Cat,Maine Coon,4
279,Louis,Dog,German Shepherd,4
280,Kelly,Dog,Rottweiler,7
281,Brittany,Dog,Labrador,4
282,Bryan,Dog,Chihuahua,10
283,Gabriella,Cat,Persian,10
284,Gabriel,Cat,Siamese,9
285,Jeffrey,Dog,Chihuahua,8
286,Michael,Cat,Bengal,3
287,Denise,Dog,Border Collie,10
288,Danielle,Cat,Tabby,8
289,Sean,Dog,Border Collie,3
290,Kimberly,Cat,Bengal,3
291,Jessica,Dog,Beagle,1
292,Michael,Dog,Labrador,8
293,Troy,Cat,Maine Coon,10
294,Randy,Cat,Bengal,7
295,Taylor,Cat,Tabby,5
296,Savannah,Dog,Border Collie,9
297,Christine,Dog,Rottweiler,2
298,Kevin,Cat,Siamese,3
299,Michelle,Dog,Rottweiler,1
300,Mary,Dog,Dachshund,6
301,Aaron,Dog,Bulldog,9
302,Douglas,Cat,Bengal,8
303,Ryan,Cat,Persian,4
304,Gerald,Cat,Siamese,3
305,Jodi,Cat,Persian,9
306,James,Dog,Bulldog,8
307,Jamie,Dog,Labrador,6
308,Kristen,Cat,British Shorthair,5
309,Susan,Cat,Bengal,1
310,Holly,Dog,Shih Tzu,5
311,Bradley,Dog,Poodle,6
312,Audrey,Cat,Persian,3
313,Jason,Cat,Maine Coon,4
314,Kristy,Cat,British Shorthair,3
315,Roger,Cat,Tabby,10
316,Lisa,Dog,Labrador,8
317,Nicholas,Cat,Tabby,5
318,Nancy,Dog,Poodle,4
319,Mary,Dog,Chihuahua,10
320,Richard,Dog,Poodle,1
321,Robert,Cat,Persian,1
322,Bradley,Dog,Shih Tzu,2
323,Jessica,Dog,Poodle,3
324,Ryan,Dog,German Shepherd,6
325,Amy,Cat,Persian,6
326,Tammy,Dog,Border Collie,7
327,George,Cat,Bengal,5
328,Mary,Cat,Bengal,5
329,Marc,Cat,Tabby,8
330,Joyce,Cat,Maine Coon,10
331,Diane,Dog,Cocker Spaniel,4
332,Cynthia,Cat,Siamese,2
333,Amanda,Cat,Persian,8
334,Katie,Cat,Siamese,5
335,Michele,Dog,Boxer,2
336,Julie,Cat,Maine Coon,4
337,Christopher,Cat,Tabby,3
338,William,Dog,German Shepherd,4
339,Crystal,Cat,Siamese,9
340,David,Cat,British Shorthair,1
341,Annette,Cat,Persian,6
342,Derrick,Cat,Bengal,7
343,Tanya,Dog,Shih Tzu,3
344,Timothy,Dog,Cocker Spaniel,9
345,Angel,Dog,Poodle,2
346,Victor,Dog,Husky,4
347,Christopher,Dog,Beagle,10
348,Amy,Dog,Border Collie,7
349,David,Cat,Bengal,2
350,Zachary,Cat,British Shorthair,10
351,Kenneth,Dog,Shih Tzu,4
352,Carrie,Cat,Siamese,2
353,Anthony,Cat,Siamese,5
354,Karen,Dog,Cocker Spaniel,1
355,Cory,Cat,Siamese,9
356,April,Dog,Golden Retriever,4
357,Bethany,Cat,Tabby,1
358,Angela,Cat,British Shorthair,2
359,Judith,Cat,Maine Coon,10
360,Shelia,Dog,Shih Tzu,1
361,Heather,Cat,Tabby,1
362,Leonard,Cat,British Shorthair,1
363,Jacob,Dog,Border Collie,10
364,Jon,Cat,Persian,6
365,Kim,Cat,Tabby,9
366,David,Dog,Poodle,5
367,Peter,Dog,Bulldog,7
368,Darrell,Cat,Persian,4
369,Monica,Cat,Bengal,3
370,Elizabeth,Cat,Persian,9
371,Jessica,Cat,Persian,10
372,Joann,Cat,Persian,4
373,Paul,Dog,Rottweiler,2
374,Austin,Cat,British Shorthair,6
375,Amanda,Dog,Shih Tzu,9
376,Jessica,Dog,Bulldog,7
377,Michael,Cat,Siamese,5
378,Pamela,Dog,Beagle,10
379,Emily,Dog,Shih Tzu,6
380,Jenny,Dog,Boxer,4
381,Eric,Dog,Cocker Spaniel,4
382,Charles,Dog,Bulldog,9
383,Joshua,Cat,British Shorthair,1
384,Andrew,Cat,Persian,4
385,Crystal,Cat,Bengal,5
386,Sarah,Dog,Dachshund,4
387,Emma,Cat,Siamese,10
388,Christopher,Dog,Poodle,7
389,Alfred,Cat,Bengal,10
390,Edward,Dog,Labrador,9
391,Kyle,Dog,Chihuahua,2
392,Amy,Dog,Labrador,6
393,Adam,Dog,Labrador,7
394,Michael,Dog,Beagle,5
395,Adam,Dog,Labrador,4
396,Kelly,Dog,Golden Retriever,8
397,Jason,Dog,Border Collie,2
398,Paula,Cat,Maine Coon,6
399,Katrina,Dog,Labrador,4
400,Cory,Dog,Labrador,3
401,Wanda,Dog,Shih Tzu,1
402,Frederick,Dog,Boxer,1
403,Candice,Cat,Persian,3
404,Christine,Cat,Tabby,4
405,Theresa,Cat,Bengal,10
406,Audrey,Cat,Tabby,3
407,Anne,Dog,Beagle,2
408,Jennifer,Cat,British Shorthair,5
409,James,Cat,Siamese,4
410,Timothy,Dog,Boxer,3
411,Jacqueline,Cat,British Shorthair,10
412,Sarah,Dog,Rottweiler,5
413,Christina,Cat,Persian,3
414,Janice,Cat,British Shorthair,10
415,Kayla,Dog,Golden Retriever,8
416,Javier,Cat,Bengal,5
417,Taylor,Dog,Labrador,5
418,Zoe,Dog,Labrador,4
419,Travis,Cat,Siamese,2
420,Johnny,Dog,Poodle,4
421,Joseph,Cat,Persian,2
422,Michele,Dog,Labrador,9
423,Edward,Dog,Shih Tzu,2
424,Megan,Cat,Bengal,2
425,Carlos,Cat,Siamese,8
426,Brian,Dog,Husky,6
427,Jennifer,Cat,Siamese,4
428,Cassandra,Cat,Bengal,1
429,Colleen,Dog,Boxer,1
430,Roger,Dog,Dachshund,9
431,Maria,Dog,Dachshund,5
432,Aaron,Cat,Tabby,9
433,Jessica,Dog,Golden Retriever,7
434,Ryan,Dog,Chihuahua,5
435,Bryan,Cat,Bengal,5
436,Stephanie,Dog,Bulldog,6
437,Janice,Cat,Siamese,2
438,Victor,Cat,Persian,5
439,Brandon,Cat,Maine Coon,5
440,Cody,Cat,Siamese,7
441,Jason,Cat,Maine Coon,1
442,Melissa,Dog,Boxer,1
443,Lisa,Dog,Chihuahua,10
444,John,Cat,Persian,1
445,Ricardo,Cat,Siamese,8
446,Terry,Cat,Bengal,9
447,William,Dog,German Shepherd,8
448,Stephen,Cat,Siamese,1
449,Sarah,Dog,Labrador,9
450,Ashley,Cat,Maine Coon,6
451,Eric,Cat,British Shorthair,10
452,Gregg,Dog,German Shepherd,2
453,Kelli,Dog,German Shepherd,3
454,Ricky,Dog,Rottweiler,7
455,Sara,Dog,Bulldog,1
456,James,Dog,Golden Retriever,5
457,Jennifer,Cat,Tabby,6
458,Rebecca,Cat,Persian,8
459,Melissa,Cat,Tabby,8
460,Derek,Cat,British Shorthair,6
461,John,Dog,Golden Retriever,2
462,Kathryn,Cat,Bengal,2
463,Darryl,Cat,Bengal,8
464,David,Cat,Bengal,9
465,Tammy,Cat,Tabby,10
466,David,Cat,British Shorthair,8
467,April,Dog,Golden Retriever,2
468,Michelle,Cat,Bengal,7
469,Shelby,Cat,Tabby,4
470,Tonya,Dog,German Shepherd,6
471,Jennifer,Dog,Rottweiler,10
472,Leah,Dog,Boxer,5
473,Brittany,Cat,Persian,3
474,Philip,Dog,Golden Retriever,5
475,Kendra,Cat,British Shorthair,7
476,Sandra,Dog,Golden Retriever,8
477,Shawn,Cat,British Shorthair,6
478,Tracy,Cat,Maine Coon,9
479,Harry,Dog,German Shepherd,6
480,William,Cat,Tabby,6
481,Karen,Cat,Bengal,8
482,Kenneth,Dog,Rottweiler,3
483,Alexis,Cat,British Shorthair,7
484,Mary,Cat,Maine Coon,6
485,Steven,Cat,British Shorthair,5
486,Laura,Dog,Husky,1
487,Mariah,Dog,Cocker Spaniel,4
488,Brenda,Dog,Chihuahua,9
489,Sarah,Cat,Tabby,4
490,Benjamin,Dog,Chihuahua,8
491,Jason,Cat,Persian,5
492,Brandon,Cat,Siamese,3
493,Paul,Cat,Siamese,3
494,Darrell,Dog,Bulldog,5
495,Rebecca,Cat,Tabby,5
496,Christopher,Dog,Poodle,3
497,Jason,Cat,British Shorthair,2
498,Cynthia,Dog,Chihuahua,10
499,Phillip,Dog,Poodle,8
500,Tammy,Dog,Beagle,1
